Province,Year,Direct_model_avg,Gross_model_avg,Finance_cost_impact,Gross_minus_finance
Alberta,2021,308.7048760974038,598.0,598.0,0.0
Alberta,2024,800.6911191525654,1056.0,1056.0,0.0
Manitoba,2021,218.01255409852047,462.0000000000001,462.0,1.1368683772161603e-13
Manitoba,2024,491.6315771716191,828.0,828.0,0.0
Ontario,2021,234.43668065921915,439.0,439.0,0.0
Ontario,2024,485.88453759958577,869.0,869.0,0.0
Saskatchewan,2021,292.4104224968858,719.9999999999998,720.0,-2.2737367544323206e-13
Saskatchewan,2024,646.7244370630168,1156.0,1156.0,0.0
